ID,Paper,Order,Family,Superfam,Genus,genus.and.species,Collected.from,Host.Lat,Host.Long,N..treat.field.,mortality..treat.,N..control.,mortality..c.,or,ln.or,v.ln.or,Treatment,Temp,BdStrain,bd.ID,Lineage,Stated.location,Species.isolated.from,Bd.Lat,Bd.Long,distance,distkm,logdistkm,Bd.dose..spore.,logdose,duration
512a,Piovia-Scott et al 2015,Anura,Ranidae,Ranoidea,Rana,Rana_cascadae,Carter Meadow and Section Line,41.0079,-122.8035,56,0.95,58,0.16,81.9,4.602667056,0.504223922,Section Line Lake ,20,Section Line Lake ,50a,,Section Line Lake ,Rana cascadae,41.202,-122.845,21836.02338,21.83602338,1.358620479,110000,5.041392685,98
150a,Padgett-Flohr 2008,Caudata,Ambystomatidae,Salamandroidea,Ambystoma,Ambystoma_californiense," Joseph D. Grant County Park, Santa Clara, California",37.336819,-121.717272,10,0,10,0,1,0,4.19047619,high Bd,19.5,JEL270,29a,,"Marin County, California",Rana catesbeiana,38.0834,-122.7633,123989.5303,123.9895303,2.096873636,1000000,6,56
154a,Padgett-Flohr 2008,Caudata,Ambystomatidae,Salamandroidea,Ambystoma,Ambystoma_californiense," Joseph D. Grant County Park, Santa Clara, California",37.336819,-121.717272,10,0,10,0,1,0,4.19047619,low Bd,19.5,JEL270,29a,,"Marin County, California",Rana catesbeiana,38.0834,-122.7633,123989.5303,123.9895303,2.096873636,1000,3,56
320a,Gervasi et al 2013 EcoH,Anura,Ranidae,Ranoidea,Lithobates,Rana_catesbeiana,Fish hatchery pond (41.64ç N 80.43ç W) and Geneva pond (41.59ç N 80.25ç W),41.64,-80.43,16,0.5,15,0.33,1.9,0.690068168,0.550727351,JEL 630,23,JEL630,40a,,Oregon,Rana cascadae,45.5231,-122.6765,3399510.11,3399.51011,3.53154407,2550000,6.40654018,30
508a,Piovia-Scott et al 2015,Anura,Ranidae,Ranoidea,Rana,Rana_cascadae,Carter Meadow and Section Line,41.0079,-122.8035,57,0.32,58,0.16,2.4,0.904456274,0.208908427,Carter Meadow ,20,Carter Meadow ,11a,,Carter Meadow ,Rana cascadae,40.223,-121.409,146701.4057,146.7014057,2.169384629,110000,5.041392685,98
267a,Wise et al 2014,Anura,Bufonidae,Bufonoidea,Anaxyrus,Bufo_americanus,"Rush Run Wildlife Area (Preble County, Somerville, OH)",39.586,-84.6178,35,0.828571429,35,0.142857143,25.17,3.36729583,0.434482759,Bd,22,JEL213,23a,,"Sierra Nevada Mts, California",Rana muscosa,38.2713,-119.558,3014192.462,3014.192462,3.479315039,16800000,7.225309282,48
565a,Andre et al 2008,Anura,Ranidae,Ranoidea,Rana,Rana_muscosa,Kings Canyon National Park,36.887649,-118.555234,20,0.5,10,0,21,3.04,2.285714286,22 C,22,LJR089,45a,," Sequoia National Park,California",Rana muscosa,36.56472,-118.7733,40788.43126,40.78843126,1.621056068,10000000,7,46
567a,Andre et al 2008,Anura,Ranidae,Ranoidea,Rana,Rana_muscosa,Kings Canyon National Park,36.887649,-118.555234,20,0.95,10,0,273,5.61,2.813186813,17 C,17,LJR089,45a,," Sequoia National Park,California",Rana muscosa,36.56472,-118.7733,40788.43126,40.78843126,1.621056068,10000000,7,46
78a,Davidson et al 2003,Anura,Ranidae,Ranoidea,Rana,Rana_yavapaiensis,n Arizona State University pond facility,33.427446,-111.936358,4,0.75,3,0.33,3.93,1.806797347,2.840946781,R230 high dose R. yavapaiennsis,22,R230,48a,,"Montrose Canyon in southeastern Arizona, 125 km from Beattyês Guest Ranch",Rana yavapaiensis,32.42202,-110.90982,147144.6432,147.1446432,2.170685952,8500000,6.929418926,60
273a,Retallick et al 2006,Caudata,Ambystomatidae,Salamandroidea,Ambystoma,Ambystoma_tigrinum,Arizona,34.56,-111.44,10,0,50,0,4.81,1.57,4.115040075,A. tigrinum,21,JEL230,27a,,"Montrose Canyon in southeastern Arizona, 125 km from Beattyês Guest Ranch",Rana yavapaiensis,32.42202,-110.90982,242193.6489,242.1936489,2.385952229,500000,5.698970004,28
74a,Davidson et al 2003,Anura,Ranidae,Ranoidea,Rana,Rana_yavapaiensis,n Arizona State University pond facility,33.427446,-111.936358,3,0.33,3,0.33,1,0,3.015226896,A277 high dose R. yavapaiensis,22,A277,4a,,San Rafael Valley in southern Arizona,Ambystoma tigrinum ,31.38333,-110.58389,259938.909,259.938909,2.416538842,8500000,6.929418926,60
434a,Murphy et al 2009,Anura,Bufonidae,Bufonoidea,Anaxyrus,Bufo_boreas,"Blackrock pond, Wyoming",43.5260678,-108.4476064,18,1,18,0,1369,7.22,4.108108108,local isolate,20,local,46a,,"Blackrock, Wyoming",Bufo boreas,43.5260678,-108.4476064,0,0,0,1100000,6.041392685,36
465a,Murphy et al 2009,Anura,Bufonidae,Bufonoidea,Anaxyrus,Bufo_boreas,"Alamosa, Colorado",37.4694,-105.87,18,1,18,0.18,150.72,5.02,2.386632379,novel isolate,20,local,46a,,"Blackrock, Wyoming",Bufo boreas,43.5260678,-108.4476064,707060.5752,707.0605752,2.850070414,1100000,6.041392685,36
531a,Carey et al 2006,Anura,Bufonidae,Bufonoidea,Anaxyrus,Bufo_boreas, mountains of Colorado; mix of egg masses and tadpoles were collected,39.6904,-105.6413,15,0.06,15,0,3.08,1.13,2.82384294,1 spore,23,JEL275,31a,,"Clear Creek County, Colorado",Bufo boreas,39.6904,-105.6413,0,0,0,1,0.1,42
536a,Carey et al 2006,Anura,Bufonidae,Bufonoidea,Anaxyrus,Bufo_boreas, mountains of Colorado; mix of egg masses and tadpoles were collected,39.6904,-105.6413,10,0.4,10,0,14.52,2.68,2.471391487,40 spore,23,JEL275,31a,,"Clear Creek County, Colorado",Bufo boreas,39.6904,-105.6413,0,0,0,40,1.602059991,42
541a,Carey et al 2006,Anura,Bufonidae,Bufonoidea,Anaxyrus,Bufo_boreas, mountains of Colorado; mix of egg masses and tadpoles were collected,39.6904,-105.6413,10,0.50085,10,0,21.07,3.05,2.458875327,20 spore,23,JEL275,31a,,"Clear Creek County, Colorado",Bufo boreas,39.6904,-105.6413,0,0,0,20,1.301029996,42
542a,Carey et al 2006,Anura,Bufonidae,Bufonoidea,Anaxyrus,Bufo_boreas, mountains of Colorado; mix of egg masses and tadpoles were collected,39.6904,-105.6413,10,0.60034,10,0,30.37,3.41,2.471394068,60 spore,23,JEL275,31a,,"Clear Creek County, Colorado",Bufo boreas,39.6904,-105.6413,0,0,0,60,1.77815125,42
543a,Carey et al 2006,Anura,Bufonidae,Bufonoidea,Anaxyrus,Bufo_boreas, mountains of Colorado; mix of egg masses and tadpoles were collected,39.6904,-105.6413,10,0.7,10,0,44.97,3.81,2.514183612,100 spore,23,JEL275,31a,,"Clear Creek County, Colorado",Bufo boreas,39.6904,-105.6413,0,0,0,100,2,42
545a,Carey et al 2006,Anura,Bufonidae,Bufonoidea,Anaxyrus,Bufo_boreas, mountains of Colorado; mix of egg masses and tadpoles were collected,39.6904,-105.6413,15,0.73,15,0,77.05,4.34,2.370003582,100 spore,23,JEL275,31a,,"Clear Creek County, Colorado",Bufo boreas,39.6904,-105.6413,0,0,0,100,2,42
546a,Carey et al 2006,Anura,Bufonidae,Bufonoidea,Anaxyrus,Bufo_boreas, mountains of Colorado; mix of egg masses and tadpoles were collected,39.6904,-105.6413,15,0.8618,15,0,161.77,5.09,2.527644309,1 spore,23,JEL275,31a,,"Clear Creek County, Colorado",Bufo boreas,39.6904,-105.6413,0,0,0,1,0.1,42
550a,Carey et al 2006,Anura,Bufonidae,Bufonoidea,Anaxyrus,Bufo_boreas, mountains of Colorado; mix of egg masses and tadpoles were collected,39.6904,-105.6413,15,1,15,0,961,6.87,4.129032258,100 spore,23,JEL275,31a,,"Clear Creek County, Colorado",Bufo boreas,39.6904,-105.6413,0,0,0,100,2,42
551a,Carey et al 2006,Anura,Bufonidae,Bufonoidea,Anaxyrus,Bufo_boreas, mountains of Colorado; mix of egg masses and tadpoles were collected,39.6904,-105.6413,10,1,10,0,441,6.09,4.19047619,1000 spore,23,JEL275,31a,,"Clear Creek County, Colorado",Bufo boreas,39.6904,-105.6413,0,0,0,1000,3,42
552a,Carey et al 2006,Anura,Bufonidae,Bufonoidea,Anaxyrus,Bufo_boreas, mountains of Colorado; mix of egg masses and tadpoles were collected,39.6904,-105.6413,15,1,15,0,961,6.87,4.129032258,10000 spore,23,JEL275,31a,,"Clear Creek County, Colorado",Bufo boreas,39.6904,-105.6413,0,0,0,10000,4,42
553a,Carey et al 2006,Anura,Bufonidae,Bufonoidea,Anaxyrus,Bufo_boreas, mountains of Colorado; mix of egg masses and tadpoles were collected,39.6904,-105.6413,15,1,15,0,961,6.87,4.129032258,10000 spore,23,JEL275,31a,,"Clear Creek County, Colorado",Bufo boreas,39.6904,-105.6413,0,0,0,10000,4,42
556a,Carey et al 2006,Anura,Bufonidae,Bufonoidea,Anaxyrus,Bufo_boreas, mountains of Colorado; mix of egg masses and tadpoles were collected,39.6904,-105.6413,15,1,15,0,961,6.87,4.129032258,1000000 spore,23,JEL275,31a,,"Clear Creek County, Colorado",Bufo boreas,39.6904,-105.6413,0,0,0,1000000,6,42
557a,Carey et al 2006,Anura,Bufonidae,Bufonoidea,Anaxyrus,Bufo_boreas, mountains of Colorado; mix of egg masses and tadpoles were collected,39.6904,-105.6413,15,1,15,0,961,6.87,4.129032258,1000000 spore,23,JEL275,31a,,"Clear Creek County, Colorado",Bufo boreas,39.6904,-105.6413,0,0,0,1000000,6,42
516a,Gervasi et al 2013 Plos,Anura,Bufonidae,Bufonoidea,Anaxyrus,Bufo_boreas,"Deschutes County, OR",43.8325,-121.2617,30,0.23,30,0,19.46,2.97,2.20868938,intermediate,15,JEL274,30a,GPL,Colorado,Anaxyrus boreas,39.6904,-105.6413,1375451.287,1375.451287,3.138760846,50000,4.698970004,14
517a,Gervasi et al 2013 Plos,Anura,Bufonidae,Bufonoidea,Anaxyrus,Bufo_boreas,"Deschutes County, OR",43.8325,-121.2617,30,0.27,30,0,23.05,3.14,2.194866525,low,15,JEL274,30a,GPL,Colorado,Anaxyrus boreas,39.6904,-105.6413,1375451.287,1375.451287,3.138760846,10000,4,14
518a,Gervasi et al 2013 Plos,Anura,Bufonidae,Bufonoidea,Anaxyrus,Bufo_boreas,"Deschutes County, OR",43.8325,-121.2617,30,0.62,30,0,97.51,4.58,2.169047567,high,15,JEL274,30a,GPL,Colorado,Anaxyrus boreas,39.6904,-105.6413,1375451.287,1375.451287,3.138760846,100000,5,14
70a,Searle et al 2011,Anura,Bufonidae,Bufonoidea,Anaxyrus,Bufo_terrestris,"Orange County, Florida",28.487432,-81.118324,25,1,25,0.52,47.13,3.85,2.193301434,Bd only,22.4,JEL274,30a,GPL,Colorado,Anaxyrus boreas,39.6904,-105.6413,2569540.771,2569.540771,3.410024497,260000,5.414973348,30
332a,Cothran et al 2015,Anura,Hylidae,Hyloidea,Hyla,Hyla_versicolor,"41.5694, -80.4564",41.5694,-80.4564,22,0.181818182,22,0.090909091,1.99,0.798507696,0.855555556,high carotenoid diet,21,JEL274,30a,GPL,Colorado,Anaxyrus boreas,39.6904,-105.6413,2133317.328,2133.317328,3.32925899,100000,5,14
330a,Cothran et al 2015,Anura,Hylidae,Hyloidea,Hyla,Hyla_versicolor,"41.5694, -80.4564",41.5694,-80.4564,28,0.071428571,27,0.037037037,1.67,0.693147181,1.576923077,Bd+,21,JEL274,30a,GPL,Colorado,Anaxyrus boreas,39.6904,-105.6413,2133317.328,2133.317328,3.32925899,100000,5,14
331a,Cothran et al 2015,Anura,Hylidae,Hyloidea,Hyla,Hyla_versicolor,"41.5694, -80.4564",41.5694,-80.4564,20,0.1,20,0.05,1.76,0.747214402,1.608187135,low carotenoid diet,21,JEL274,30a,GPL,Colorado,Anaxyrus boreas,39.6904,-105.6413,2133317.328,2133.317328,3.32925899,100000,5,14
457a,Gervasi et al 2013 Plos,Anura,Hylidae,Hyloidea,Pseudacris,Pseudacris_regilla,"Linn County, OR",44.441974,-122.302159,23,0.77,30,0.13,18.25,3.06446026,0.532143654,intermediate,15,JEL274,30a,GPL,Colorado,Anaxyrus boreas,39.6904,-105.6413,1473164.774,1473.164774,3.168546029,50000,4.698970004,14
454a,Gervasi et al 2013 Plos,Anura,Hylidae,Hyloidea,Pseudacris,Pseudacris_regilla,"Linn County, OR",44.441974,-122.302159,30,0.13,30,0.13,1,0.00259918,0.577595893,low,15,JEL274,30a,GPL,Colorado,Anaxyrus boreas,39.6904,-105.6413,1473164.774,1473.164774,3.168546029,10000,4,14
458a,Gervasi et al 2013 Plos,Anura,Hylidae,Hyloidea,Pseudacris,Pseudacris_regilla,"Linn County, OR",44.441974,-122.302159,26,0.87,30,0.13,34.29,3.746780518,0.621983981,high,15,JEL274,30a,GPL,Colorado,Anaxyrus boreas,39.6904,-105.6413,1473164.774,1473.164774,3.168546029,100000,5,14
462a,Gervasi et al 2014,Anura,Hylidae,Hyloidea,Pseudacris,Pseudacris_regilla,"Oregon Cascade Range west of Bend, Linn County, OR",44.32175,-122.258318,7,0.16,7,0,3.81,1.34,2.907357096,P. regilla,15,JEL274,30a,GPL,Colorado,Anaxyrus boreas,39.6904,-105.6413,1466336.409,1466.336409,3.166529694,50000,4.698970004,15
326a,Searle et al 2011,Anura,Hylidae,Hyloidea,Pseudacris,Pseudacris_triseriata,"Edwin S. George Reserve, Michigan",42.451844,-84.00933,25,0.88,25,0.12,41.41,3.987247776,0.758263479,Bd only,22.4,JEL274,30a,GPL,Colorado,Anaxyrus boreas,39.6904,-105.6413,1838534.716,1838.534716,3.264707988,260000,5.414973348,30
169a,Searle et al 2011,Anura,Hylidae,Hyloidea,Pseudacris,Pseudacris_feriarum,"Seven Island Wildlife Refuge, Tennessee",35.947839,-83.69063,25,1,25,0.56,40.21,3.69,2.195245316,Bd only,22.4,JEL274,30a,GPL,Colorado,Anaxyrus boreas,39.6904,-105.6413,1971515.02,1971.51502,3.295020319,260000,5.414973348,30
284a,Searle et al 2011,Anura,Hylidae,Hyloidea,Hyla,Hyla_versicolor," Pymatuning Laboratory of Ecology farm site, Pennsylvania",40.07389,-80.42639,25,1,25,0.88,8.02,2.08,2.366696776,Bd only,22.4,JEL274,30a,GPL,Colorado,Anaxyrus boreas,39.6904,-105.6413,2150073.106,2150.073106,3.33265517,260000,5.414973348,30
333a,Cothran et al 2015,Anura,Ranidae,Ranoidea,Lithobates,Rana_sylvatica,"41.8414, -80.24",41.8414,-80.24,21,0.761904762,20,0.25,8.45,2.261763098,0.529166667,Bd+,21,JEL274,30a,GPL,Colorado,Anaxyrus boreas,39.6904,-105.6413,2150021.955,2150.021955,3.332644843,100000,5,14
334a,Cothran et al 2015,Anura,Ranidae,Ranoidea,Lithobates,Rana_sylvatica,"41.8414, -80.24",41.8414,-80.24,20,0.7,20,0.2,8.18,2.233592222,0.550595238,low carotenoid diet,21,JEL274,30a,GPL,Colorado,Anaxyrus boreas,39.6904,-105.6413,2150021.955,2150.021955,3.332644843,100000,5,14
335a,Cothran et al 2015,Anura,Ranidae,Ranoidea,Lithobates,Rana_sylvatica,"41.8414, -80.24",41.8414,-80.24,15,0.8,14,0.428571429,4.67,1.673976434,0.708333333,high carotenoid diet,21,JEL274,30a,GPL,Colorado,Anaxyrus boreas,39.6904,-105.6413,2150021.955,2150.021955,3.332644843,100000,5,14
323a,Gervasi et al 2013 EcoH,Anura,Ranidae,Ranoidea,Lithobates,Rana_catesbeiana,Fish hatchery pond (41.64ç N 80.43ç W) and Geneva pond (41.59ç N 80.25ç W),41.64,-80.43,17,0.76,16,0.12,17.8,3.15248308,0.910939623,JEL 274,23,JEL274,30a,GPL,Colorado,Anaxyrus boreas,39.6904,-105.6413,2135148.848,2135.148848,3.329631511,2550000,6.40654018,30
456a,Gervasi et al 2013 Plos,Anura,Ranidae,Ranoidea,Rana,Rana_cascadae,"Linn County, OR",44.441974,-122.302159,30,0.3,30,0.03,8.75,2.530393074,1.203302041,high,15,JEL274,30a,GPL,Colorado,Anaxyrus boreas,39.6904,-105.6413,1473164.774,1473.164774,3.168546029,100000,5,14
455a,Gervasi et al 2013 Plos,Anura,Ranidae,Ranoidea,Rana,Rana_cascadae,"Linn County, OR",44.441974,-122.302159,30,0.2,30,0.03,5.25,1.991396573,1.252905216,intermediate,15,JEL274,30a,GPL,Colorado,Anaxyrus boreas,39.6904,-105.6413,1473164.774,1473.164774,3.168546029,50000,4.698970004,14
453a,Gervasi et al 2013 Plos,Anura,Ranidae,Ranoidea,Rana,Rana_cascadae,"Linn County, OR",44.441974,-122.302159,30,0.03,30,0.03,1.01,0.009360122,2.080054453,low,15,JEL274,30a,GPL,Colorado,Anaxyrus boreas,39.6904,-105.6413,1473164.774,1473.164774,3.168546029,10000,4,14
461a,Gervasi et al 2014,Anura,Ranidae,Ranoidea,Rana,Rana_cascadae,"Oregon Cascade Range west of Bend, Linn County, OR",44.32175,-122.258318,7,0,7,0,1,0,4.266666667,R. cascadae,15,JEL274,30a,GPL,Colorado,Anaxyrus boreas,39.6904,-105.6413,1466336.409,1466.336409,3.166529694,50000,4.698970004,15
205a,Searle et al 2011,Anura,Ranidae,Ranoidea,Lithobates,Rana_pipiens,"Mallard Pond,  Pennsylvania",40.018312,-76.289102,25,1,25,0.72,20.75,3.03,2.226322829,Bd only,22.4,JEL274,30a,GPL,Colorado,Anaxyrus boreas,39.6904,-105.6413,2500627.394,2500.627394,3.398222624,260000,5.414973348,30
329a,Searle et al 2011,Anura,Ranidae,Ranoidea,Lithobates,Rana_sylvatica,"Edwin S. George Reserve, Michigan",42.451844,-84.00933,22,1,25,0.27,116.95,4.76,2.23612037,Bd only,22.4,JEL274,30a,GPL,Colorado,Anaxyrus boreas,39.6904,-105.6413,1838534.716,1838.534716,3.264707988,260000,5.414973348,30
431a,Searle et al 2014,Anura,Ranidae,Ranoidea,Rana,Rana_cascadae,Parrish Pond in Linn County ,44.532318,-122.076711,30,0,10,0,0.34,-1.07,4.12802498,Bd only,14.25,JEL274,30a,GPL,Colorado,Anaxyrus boreas,39.6904,-105.6413,1458579.233,1458.579233,3.164227676,85000,4.929418926,14
162a,Padgett-Flohr and Hayes 2011,Anura,Ranidae,Ranoidea,Rana,Rana_pretiosa," Joseph D. Grant County Park, Santa Clara, California",37.336819,-121.717272,9,0,10,0,1.11,0.1,4.200501253,strain #2,19,FMB 001,16a,,"Shelby County, TN, USA","anuran, unspecified",35.13792,-89.72771,2872243.21,2872.24321,3.458372389,1000000,6,56
158a,Padgett-Flohr and Hayes 2011,Anura,Ranidae,Ranoidea,Rana,Rana_pretiosa," Joseph D. Grant County Park, Santa Clara, California",37.336819,-121.717272,9,0,10,0,1.11,0.1,4.200501253,strain #1,19,JEL284,32a,,Wisconsin,Lithobates pipiens,43.7844,-88.7879,2858684.883,2858.684883,3.45631818,1000000,6,56
94a,Brannelly et al 2012 DAO,Anura,Bufonidae,Bufonoidea,Incilius,Bufo_nebulifer,"Tulane UniversityêsHerbert Center in Belle Chase, Louisiana (29ç 53ê21.43êê N, 89ç 57ê 7.77êê W) ",29.940283,-90.119794,17,0.18,9,0,4.57,1.52,2.460822436,6d bd only,20,JEL411,36a,,"Guabal, Panama",Atelopus varius,8.5833,-82.5333,2493178.417,2493.178417,3.396927517,10000000,7,36
95a,Brannelly et al 2012 DAO,Anura,Bufonidae,Bufonoidea,Incilius,Bufo_nebulifer,"Tulane UniversityêsHerbert Center in Belle Chase, Louisiana (29ç 53ê21.43êê N, 89ç 57ê 7.77êê W) ",29.940283,-90.119794,17,0.47,9,0,17.03,2.83,2.328154188,11d bd only,20,JEL411,36a,,"Guabal, Panama",Atelopus varius,8.5833,-82.5333,2493178.417,2493.178417,3.396927517,10000000,7,36
285a,Venesky et al 2015,Caudata,Plethodontidae,Salamandroidea,Plethodon,Plethodon_cinereus,"Cuyahoga Valley National Park in Summit County, Ohio",41.227,-81.526,34,0.088235294,13,0.076923077,0.93,0.149531734,1.448924731,striped,18.5,JEL660,43a,,Ohio,,39.57,-82.08,189911.6999,189.9116999,2.280832545,1000000,6,14
287a,Venesky et al 2015,Caudata,Plethodontidae,Salamandroidea,Plethodon,Plethodon_cinereus,"Cuyahoga Valley National Park in Summit County, Ohio",41.227,-81.526,34,0.088235294,13,0.076923077,0.93,0.149531734,1.448924731,striped,18.5,JEL660,43a,,Ohio,,39.57,-82.08,189911.6999,189.9116999,2.280832545,1000000,6,14
289a,Venesky et al 2015,Caudata,Plethodontidae,Salamandroidea,Plethodon,Plethodon_cinereus,"Cuyahoga Valley National Park in Summit County, Ohio",41.227,-81.526,34,0.088235294,13,0.076923077,0.93,0.149531734,1.448924731,striped,18.5,JEL660,43a,,Ohio,,39.57,-82.08,189911.6999,189.9116999,2.280832545,1000000,6,14
286a,Venesky et al 2015,Caudata,Plethodontidae,Salamandroidea,Plethodon,Plethodon_cinereus,"Cuyahoga Valley National Park in Summit County, Ohio",41.227,-81.526,24,0.375,13,0,16.55,2.81,2.243853361,unstriped,18.5,JEL660,43a,,Ohio,,39.57,-82.08,189911.6999,189.9116999,2.280832545,1000000,6,14
288a,Venesky et al 2015,Caudata,Plethodontidae,Salamandroidea,Plethodon,Plethodon_cinereus,"Cuyahoga Valley National Park in Summit County, Ohio",41.227,-81.526,24,0.375,13,0,16.55,2.81,2.243853361,unstriped,18.5,JEL660,43a,,Ohio,,39.57,-82.08,189911.6999,189.9116999,2.280832545,1000000,6,14
290a,Venesky et al 2015,Caudata,Plethodontidae,Salamandroidea,Plethodon,Plethodon_cinereus,"Cuyahoga Valley National Park in Summit County, Ohio",41.227,-81.526,24,0.375,13,0,16.55,2.81,2.243853361,unstriped,18.5,JEL660,43a,,Ohio,,39.57,-82.08,189911.6999,189.9116999,2.280832545,1000000,6,14
61a,Raffel et al 2012,Anura,Hylidae,Hyloidea,Osteopilus,Osteopilus_septentrionalis,"Tampa, fl",28.109491,-82.352576,16,0.88,16,0.07,56.09,4.555097215,1.541245694,20 constant (dte),20,SRS812,51a,,"Savannah River Site, near Aiken, South Carolina.",Rana catesbeiana,33.3444,-81.7412,583311.177,583.311177,2.766644194,1000000,6,42
60a,Raffel et al 2012,Anura,Hylidae,Hyloidea,Osteopilus,Osteopilus_septentrionalis,"Tampa, fl",28.109491,-82.352576,8,0.88,8,0.13,24.6,3.869366632,2.267585122,15 constant (dte),15,SRS812,51a,,"Savannah River Site, near Aiken, South Carolina.",Rana catesbeiana,33.3444,-81.7412,583311.177,583.311177,2.766644194,1000000,6,42
52a,Raffel et al 2012,Anura,Hylidae,Hyloidea,Osteopilus,Osteopilus_septentrionalis,"Tampa, fl",28.109491,-82.352576,10,0,10,0.18,0.18,-1.71,2.644963233,25 constant,25,SRS812,51a,,"Savannah River Site, near Aiken, South Carolina.",Rana catesbeiana,33.3444,-81.7412,583311.177,583.311177,2.766644194,1000000,6,42
56a,Raffel et al 2012,Anura,Hylidae,Hyloidea,Osteopilus,Osteopilus_septentrionalis,"Tampa, fl",28.109491,-82.352576,8,0.13,8,0,3.43,1.23,2.912717458,25 constant (dte),25,SRS812,51a,,"Savannah River Site, near Aiken, South Carolina.",Rana catesbeiana,33.3444,-81.7412,583311.177,583.311177,2.766644194,1000000,6,42
62a,Raffel et al 2012,Anura,Hylidae,Hyloidea,Osteopilus,Osteopilus_septentrionalis,"Tampa, fl",28.109491,-82.352576,10,1,10,0.06,189,5.24,3.105339105,15 constant,15,SRS812,51a,,"Savannah River Site, near Aiken, South Carolina.",Rana catesbeiana,33.3444,-81.7412,583311.177,583.311177,2.766644194,1000000,6,42
108a,Raffel et al 2015,Urodela,Salamandridae,Salamandroidea,Notophthalmus,Notophthalmus_viridescens,"Clarke County, GA, USA",33.9658,-83.3836,5,0.4,5,0.4,1,0,1.666666667,25-dry,25,SRS812,51a,,"Savannah River Site, near Aiken, South Carolina.",Rana catesbeiana,33.3444,-81.7412,167206.0761,167.2060761,2.22584168,3000000,6.477121255,42
114a,Raffel et al 2015,Urodela,Salamandridae,Salamandroidea,Notophthalmus,Notophthalmus_viridescens,"Clarke County, GA, USA",33.9658,-83.3836,5,0.2,5,0.2,1,0,2.5,25-wet,25,SRS812,51a,,"Savannah River Site, near Aiken, South Carolina.",Rana catesbeiana,33.3444,-81.7412,167206.0761,167.2060761,2.22584168,3000000,6.477121255,42
105a,Raffel et al 2015,Urodela,Salamandridae,Salamandroidea,Notophthalmus,Notophthalmus_viridescens,"Clarke County, GA, USA",33.9658,-83.3836,5,0,5,0,1,0,4.363636364,15-dry,15,SRS812,51a,,"Savannah River Site, near Aiken, South Carolina.",Rana catesbeiana,33.3444,-81.7412,167206.0761,167.2060761,2.22584168,3000000,6.477121255,42
111a,Raffel et al 2015,Urodela,Salamandridae,Salamandroidea,Notophthalmus,Notophthalmus_viridescens,"Clarke County, GA, USA",33.9658,-83.3836,5,0.8,5,0,33,3.5,3.070707071,15-wet,15,SRS812,51a,,"Savannah River Site, near Aiken, South Carolina.",Rana catesbeiana,33.3444,-81.7412,167206.0761,167.2060761,2.22584168,3000000,6.477121255,42
117a,Raffel et al 2015,Urodela,Salamandridae,Salamandroidea,Notophthalmus,Notophthalmus_viridescens,"Clarke County, GA, USA",33.9658,-83.3836,5,0.2,5,0,3.67,1.3,3.070707071,15-med,15,SRS812,51a,,"Savannah River Site, near Aiken, South Carolina.",Rana catesbeiana,33.3444,-81.7412,167206.0761,167.2060761,2.22584168,3000000,6.477121255,42
120a,Raffel et al 2015,Urodela,Salamandridae,Salamandroidea,Notophthalmus,Notophthalmus_viridescens,"Clarke County, GA, USA",33.9658,-83.3836,5,0.2,4,0,3,1.1,3.111111111,25-med,25,SRS812,51a,,"Savannah River Site, near Aiken, South Carolina.",Rana catesbeiana,33.3444,-81.7412,167206.0761,167.2060761,2.22584168,3000000,6.477121255,42
504a,Gahl et al 2012,Anura,Bufonidae,Bufonoidea,Anaxyrus,Bufo_americanus,"southwestern New Brunswick, Canada",46.107878,-66.319522,40,1,7,0.63,51.41,3.94,2.550974504,JEL423 A. laterale,20,JEL423,37a,GPL,"El Cope, Panama",Phyllomedusa lemur,8.62,-80.6,4373272.104,4373.272104,3.640905795,5500000,6.740362689,20
214a,Rumschlag et al 2015,Anura,Hylidae,Hyloidea,Hyla,Hyla_versicolor,"Indian Creek Preserve, Reily Ohio-amplexing pairs were collected and egg layed in the lab",39.442,-84.7699,22,0.1,100,0.04,2.85,0.980829253,0.765467172,exposed at metamorphosis,23,JEL423,37a,GPL,"El Cope, Panama",Phyllomedusa lemur,8.62,-80.6,3439582.135,3439.582135,3.53663193,100000,5,35
438a,Paetow et al 2012,Anura,Ranidae,Ranoidea,Lithobates,Rana_pipiens,"Boucherville, Quebec (45ç38?06?N 73ç26?06?W",45.635,-73.435,22,0,22,0.05,0.32,-1.14,2.757180754,Bd only,21,JEL423,37a,GPL,"El Cope, Panama",Phyllomedusa lemur,8.62,-80.6,4159483.781,4159.483781,3.619143833,4540000,6.657055853,72
503a,Gahl et al 2012,Anura,Bufonidae,Bufonoidea,Anaxyrus,Bufo_americanus,"southwestern New Brunswick, Canada",46.107878,-66.319522,40,1,7,0.63,51.41,3.94,2.550974504,JEL404 A. laterale,20,JEL404,34a,,"Crocker Pond, Maine",Lithobates catesbeianus,44.9836344,-68.4704303,209339.067,209.339067,2.322919943,5500000,6.740362689,20
89a,Langhammer et al 2014 JWD,Anura,Leptodactylidae,Hyloidea,Eleutherodactylus,Eleutherodactylus_coqui,"In 2010, we collected 43 adult (.23-mm snout-vent length [SVL]) coquis from El Yunque, Puerto Rico (19u369N, 155u69W), and from an introduced population near Hilo, Hawaii (18u189N, 65u479W).",18.29542,-65.800344,51,0.9,54,0.65,4.52,1.578185369,0.299265005,juvenile,21,JEL427,38a,GPL,"El Yunque, Pueto Rico",Coqui spp,18.31667,-65.78333,2960.996688,2.960996688,0.597804479,1000000,6,77
415a,Garner et al 2009,Anura,Bufonidae,Bufonoidea,Bufo,Bufo_bufo,England ,53.35994,-1.787053,63,0.94,92,0.14,74.31,4.445949342,0.350072912,High Bd,18,IA043,20a,GPL,"Ibon Acherito, Spain",Alytes obstetricans,40.88333,-0.7,1389468.281,1389.468281,3.143161086,21000,4.322219295,30
412a,Garner et al 2009,Anura,Bufonidae,Bufonoidea,Bufo,Bufo_bufo,England ,53.35994,-1.787053,69,0.61,92,0.14,8.93,2.226941868,0.148670264,low Bd,18,IA043,20a,GPL,"Ibon Acherito, Spain",Alytes obstetricans,40.88333,-0.7,1389468.281,1389.468281,3.143161086,210,2.322219295,42
278a,Bielby et al 2015,Anura,Bufonidae,Bufonoidea,Bufo,Bufo_bufo,Southeast England border between Kent and Sussex. ,51.082,0.3722,30,0.53,30,0.03,23.75,3.596243002,1.27929044,high dose,18,IA042,19a,GPL,"Pyrenees, Spain",Alytes obstetricans,42.6322,0.6577778,939597.239,939.597239,2.9734037,16000,4.204119983,24
280a,Bielby et al 2015,Anura,Bufonidae,Bufonoidea,Bufo,Bufo_bufo,Southeast England border between Kent and Sussex. ,51.082,0.3722,30,0.29,30,0.03,8.92,2.580714643,1.307366258,low dose,18,IA042,19a,GPL,"Pyrenees, Spain",Alytes obstetricans,42.6322,0.6577778,939597.239,939.597239,2.9734037,160,2.204119983,24
279a,Bielby et al 2015,Anura,Ranidae,Ranoidea,Rana,Rana_temporaria,Southeast England border between Kent and Sussex. ,51.082,0.3722,30,0,30,0,1,0,4.06557377,high dose,18,IA042,19a,GPL,"Pyrenees, Spain",Alytes obstetricans,42.6322,0.6577778,939597.239,939.597239,2.9734037,16000,4.204119983,24
281a,Bielby et al 2015,Anura,Ranidae,Ranoidea,Rana,Rana_temporaria,Southeast England border between Kent and Sussex. ,51.082,0.3722,30,0,30,0,1,0,4.06557377,low dose,18,IA042,19a,GPL,"Pyrenees, Spain",Alytes obstetricans,42.6322,0.6577778,939597.239,939.597239,2.9734037,160,2.204119983,24
271a,Price et al 2015,Anura,Ranidae,Ranoidea,Rana,Rana_temporaria,"Chessington, UK",51.3609,-0.2924,15,0,15,0,1,0,4.129032258,Bd,19.5,IA042,19a,GPL,"Pyrenees, Spain",Alytes obstetricans,42.6322,0.6577778,973039.5587,973.0395587,2.988576595,100000,5,4